INSERT INTO PUBLIC.COMMON_RIDDLE (ID, ANSWER, RIDDLE_TEXT) VALUES (1, 'Yes', 'May abstract class have constructor');
INSERT INTO PUBLIC.COMMON_RIDDLE (ID, ANSWER, RIDDLE_TEXT) VALUES (2, '8', 'How much primitive types in Java do you know');
INSERT INTO PUBLIC.COMMON_RIDDLE (ID, ANSWER, RIDDLE_TEXT) VALUES (3, 'Encapsulation', 'Using getters and setters is about what OOP paradigm');
INSERT INTO PUBLIC.COMMON_RIDDLE (ID, ANSWER, RIDDLE_TEXT) VALUES (4, 'No', 'Is it possible to override private method in Java');
INSERT INTO PUBLIC.COMMON_RIDDLE (ID, ANSWER, RIDDLE_TEXT) VALUES (5, 'No', 'Is it possible to override static method in Java');
INSERT INTO PUBLIC.COMMON_RIDDLE (ID, ANSWER, RIDDLE_TEXT) VALUES (6, '5', 'How much bean scopes in Spring do you know');
INSERT INTO PUBLIC.COMMON_RIDDLE (ID, ANSWER, RIDDLE_TEXT) VALUES (7, 'SortedMap', 'TreeMap class is used to implement which collection interface. Select the one correct answer.');
INSERT INTO PUBLIC.COMMON_RIDDLE (ID, ANSWER, RIDDLE_TEXT) VALUES (8, 'Method Overloading', 'A class can have many methods with the same name as long as the number of parameters or type of parameters is different. This OOP concept is known as');
INSERT INTO PUBLIC.COMMON_RIDDLE (ID, ANSWER, RIDDLE_TEXT) VALUES (9, 'List', 'What is the name of collection interface used to maintain non-unique elements in order.');

INSERT INTO PUBLIC.RIDDLE_OPTIONS (COMMON_RIDDLE_ID, OPTIONS) VALUES (1, 'No');
INSERT INTO PUBLIC.RIDDLE_OPTIONS (COMMON_RIDDLE_ID, OPTIONS) VALUES (1, 'Yes');
INSERT INTO PUBLIC.RIDDLE_OPTIONS (COMMON_RIDDLE_ID, OPTIONS) VALUES (2, '8');
INSERT INTO PUBLIC.RIDDLE_OPTIONS (COMMON_RIDDLE_ID, OPTIONS) VALUES (2, '5');
INSERT INTO PUBLIC.RIDDLE_OPTIONS (COMMON_RIDDLE_ID, OPTIONS) VALUES (2, '7');
INSERT INTO PUBLIC.RIDDLE_OPTIONS (COMMON_RIDDLE_ID, OPTIONS) VALUES (3, 'Inheritance');
INSERT INTO PUBLIC.RIDDLE_OPTIONS (COMMON_RIDDLE_ID, OPTIONS) VALUES (3, 'Encapsulation');
INSERT INTO PUBLIC.RIDDLE_OPTIONS (COMMON_RIDDLE_ID, OPTIONS) VALUES (3, 'Polymorphism');
INSERT INTO PUBLIC.RIDDLE_OPTIONS (COMMON_RIDDLE_ID, OPTIONS) VALUES (4, 'Yes');
INSERT INTO PUBLIC.RIDDLE_OPTIONS (COMMON_RIDDLE_ID, OPTIONS) VALUES (4, 'No');
INSERT INTO PUBLIC.RIDDLE_OPTIONS (COMMON_RIDDLE_ID, OPTIONS) VALUES (5, 'No');
INSERT INTO PUBLIC.RIDDLE_OPTIONS (COMMON_RIDDLE_ID, OPTIONS) VALUES (5, 'Yes');
INSERT INTO PUBLIC.RIDDLE_OPTIONS (COMMON_RIDDLE_ID, OPTIONS) VALUES (6, '3');
INSERT INTO PUBLIC.RIDDLE_OPTIONS (COMMON_RIDDLE_ID, OPTIONS) VALUES (6, '5');
INSERT INTO PUBLIC.RIDDLE_OPTIONS (COMMON_RIDDLE_ID, OPTIONS) VALUES (6, '7');
INSERT INTO PUBLIC.RIDDLE_OPTIONS (COMMON_RIDDLE_ID, OPTIONS) VALUES (7, 'Set');
INSERT INTO PUBLIC.RIDDLE_OPTIONS (COMMON_RIDDLE_ID, OPTIONS) VALUES (7, 'SortedMap');
INSERT INTO PUBLIC.RIDDLE_OPTIONS (COMMON_RIDDLE_ID, OPTIONS) VALUES (7, 'Tree');
INSERT INTO PUBLIC.RIDDLE_OPTIONS (COMMON_RIDDLE_ID, OPTIONS) VALUES (8, 'Method Overloading');
INSERT INTO PUBLIC.RIDDLE_OPTIONS (COMMON_RIDDLE_ID, OPTIONS) VALUES (8, 'Method Overriding');
INSERT INTO PUBLIC.RIDDLE_OPTIONS (COMMON_RIDDLE_ID, OPTIONS) VALUES (8, 'Method Invocating');
INSERT INTO PUBLIC.RIDDLE_OPTIONS (COMMON_RIDDLE_ID, OPTIONS) VALUES (9, 'List');
INSERT INTO PUBLIC.RIDDLE_OPTIONS (COMMON_RIDDLE_ID, OPTIONS) VALUES (9, 'Map');
INSERT INTO PUBLIC.RIDDLE_OPTIONS (COMMON_RIDDLE_ID, OPTIONS) VALUES (9, 'Set');

INSERT INTO PUBLIC.COMMON_GHOST (ID, FREE, NAME) VALUES (1, false, 'Agnes Sampson');
INSERT INTO PUBLIC.COMMON_GHOST (ID, FREE, NAME) VALUES (2, false, 'Drummer of Tedworth');
INSERT INTO PUBLIC.COMMON_GHOST (ID, FREE, NAME) VALUES (3, false, 'Slag Pile Annie');
INSERT INTO PUBLIC.COMMON_GHOST (ID, FREE, NAME) VALUES (4, false, 'Dungarvon Whooper');
INSERT INTO PUBLIC.COMMON_GHOST (ID, FREE, NAME) VALUES (5, false, 'Anne Boleyn');
INSERT INTO PUBLIC.COMMON_GHOST (ID, FREE, NAME) VALUES (6, false, 'Emily Carr');
INSERT INTO PUBLIC.COMMON_GHOST (ID, FREE, NAME) VALUES (7, false, 'Minnie Hopkins');
INSERT INTO PUBLIC.COMMON_GHOST (ID, FREE, NAME) VALUES (8, false, 'Kate Morgan');
INSERT INTO PUBLIC.COMMON_GHOST (ID, FREE, NAME) VALUES (9, false, 'Joe Bush');

INSERT INTO PUBLIC.COMMON_ROOM (ID, TITLE) VALUES (1, 'Roderick Usher Room');
INSERT INTO PUBLIC.COMMON_ROOM (ID, TITLE) VALUES (2, 'Madelin Usher Room');
INSERT INTO PUBLIC.COMMON_ROOM (ID, TITLE) VALUES (3, 'Library');
INSERT INTO PUBLIC.COMMON_ROOM (ID, TITLE) VALUES (4, 'Hall');
INSERT INTO PUBLIC.COMMON_ROOM (ID, TITLE) VALUES (5, 'Ballroom');
INSERT INTO PUBLIC.COMMON_ROOM (ID, TITLE) VALUES (6, 'Roderick Parlour');
INSERT INTO PUBLIC.COMMON_ROOM (ID, TITLE) VALUES (7, 'Dining Room');
INSERT INTO PUBLIC.COMMON_ROOM (ID, TITLE) VALUES (8, 'Cellar');
INSERT INTO PUBLIC.COMMON_ROOM (ID, TITLE) VALUES (9, 'Attic');